EDMONTON,N182TN,2019-09-09,2020-02-24
MANCHESTER,M609DJ,2019-09-09,2020-03-09
BIRMINGHAM,B11AA,2019-09-09,2020-03-02
CLERKENWELL,EC1V3RE,2019-09-09,2020-03-16
GUILDFORD,GU14PS,2020-02-24,2020-02-24
LINCOLN,LN57PS,2020-03-09,2020-03-09
CENTRAL LONDON,WC2A2LL,2020-03-02,2020-03-02
CARDIFF,CF101ET,2020-03-16,2020-03-16
NORWICH,NR31UR,2020-06-16,2020-06-22
CHELMSFORD,CM20PP,2020-06-16,2020-06-22
WATFORD,WD171EZ,2020-06-16,2020-06-22
LEICESTER,LE16HG,2020-06-16,2020-06-22
KINGSTON UPON HULL,HU12EZ,2020-06-16,2020-06-22
BRISTOL,BS16GR,2020-06-16,2020-06-22
BEDFORD,MK401SQ,2020-06-15,2020-06-15
LIVERPOOL,L22BX,2020-06-16,2020-06-22
BASINGSTOKE,RG214AB,2020-06-16,2020-06-22
STOKE-ON-TRENT,ST13BP,2020-06-16,2020-06-22
TELFORD,TF34HX,2020-06-16,2020-06-22
STAFFORD,ST162QQ,2020-06-16,2020-06-22
LEEDS,LS13BG,2021-06-15,2021-06-15
BARNSLEY,S702HW,2021-06-15,2021-06-15
BRADFORD,BD11JA,2021-06-15,2021-06-15
DARLINGTON,DL37RG,2021-06-15,2021-06-15
DONCASTER,DN13HS,2021-06-15,2021-06-15
DURHAM,DH13RG,2021-06-15,2021-06-15
GATESHEAD,NE81DT,2021-06-15,2021-06-15
GRIMSBY,DN311HX,2021-06-15,2021-06-15
HARROGATE,HG11EL,2021-06-15,2021-06-15
HUDDERSFIELD,HD12RR,2021-06-15,2021-06-15
MIDDLESBROUGH,TS12AE,2021-06-15,2021-06-15
NEWCASTLE,NE18QF,2021-06-15,2021-06-15
NORTHSHIELDS,NE296AR,2021-06-15,2021-06-15
SCARBOROUGH,YO127AE,2021-06-15,2021-06-15
SHEFFIELD,S38PH,2021-06-15,2021-06-15
SKIPTON,BD231RH,2021-06-15,2021-06-15
SOUTHTYNESIDE,NE331RG,2021-06-15,2021-06-15
SUNDERLAND,SR11RB,2021-06-15,2021-06-15
WAKEFIELD,WF12QN,2021-06-15,2021-06-15
YORK,YO19WL,2021-06-15,2021-06-15
